,range,$C_o$,drift equations,nugget grad,nugget scalar
values,34481.87929913333,28309523.809523806,[3 3 3 3 3 3 3 3 3 3],0.01,1e-06
