x_loc,z,x_glob,y_glob
1290.7186725182448,-1941.4571969168528,2637586.9381142366,1253159.4878444765
1955.3893312008797,-223.17148263113836,2637811.9445005055,1252534.06062197
