x_loc,z,x_glob,y_glob
1490.8084892227266,-789.1428571428573,2671445.4204190476,1267436.9659679767
1890.209686827517,-1736.8571428571431,2671611.368801403,1267073.6720772467
