x_loc,z,x_glob,y_glob
3018.9522017975764,-760.0619768415179,2672080.353360234,1266046.9719512707
3626.7366329353013,-1973.4905482700892,2672332.8835072964,1265494.133421899
