x_loc,z,x_glob,y_glob
10642.304965264782,-1034.6334054129463,2675247.802698918,1259112.7977363311
9965.059456282746,-2026.6334054129466,2674966.4119636198,1259728.8178119168
