X,Y,Z,azimuth,dip,polarity,formation
19910.48985,2.0,-1437.857055,0.0,64.53218227636499,1.0,Fault6
19398.725145,2.0,-2327.14277,0.0,56.43975670217546,1.0,Fault6
