,rescaling factor,centers
values,54247.05882,[14963.431025  8500.       -2680.714195]
