X,Y,Z,azimuth,dip,polarity,formation
5410.48985,2.0,-173.571345,180.0,55.473233099119575,1.0,Fault1
5865.39181,2.0,-805.7142,180.0,53.26515411663728,1.0,Fault1
