,range,$C_o$,drift equations
values,35217.183305880666,29529761.9047619,[3 3 3 3 3 3 3 3 3 3 3]
